,date,prcp
0,2017-08-23,0.0
1,2017-08-23,0.0
2,2017-08-23,0.08
3,2017-08-23,0.45
4,2017-08-22,0.0
5,2017-08-22,0.0
6,2017-08-22,0.5
7,2017-08-21,0.0
8,2017-08-21,0.02
9,2017-08-21,
10,2017-08-21,0.56
11,2017-08-20,0.0
12,2017-08-20,0.01
13,2017-08-20,
14,2017-08-19,0.0
15,2017-08-19,0.0
16,2017-08-19,
17,2017-08-19,0.09
18,2017-08-18,0.0
19,2017-08-18,0.0
20,2017-08-18,0.06
21,2017-08-18,
22,2017-08-17,0.0
23,2017-08-17,0.05
24,2017-08-17,0.01
25,2017-08-17,0.13
26,2017-08-16,0.0
27,2017-08-16,0.07
28,2017-08-16,0.12
29,2017-08-16,0.42
30,2017-08-15,0.02
31,2017-08-15,0.0
32,2017-08-15,0.06
33,2017-08-15,0.32
34,2017-08-15,0.42
35,2017-08-14,0.0
36,2017-08-14,0.01
37,2017-08-14,0.08
38,2017-08-14,0.0
39,2017-08-14,0.22
40,2017-08-13,0.0
41,2017-08-13,
42,2017-08-13,0.0
43,2017-08-13,0.0
44,2017-08-13,
45,2017-08-12,0.0
46,2017-08-12,0.0
47,2017-08-12,0.14
48,2017-08-11,0.0
49,2017-08-11,0.0
50,2017-08-11,0.0
51,2017-08-11,
52,2017-08-10,0.0
53,2017-08-10,0.0
54,2017-08-10,0.0
55,2017-08-10,0.07
56,2017-08-09,0.0
57,2017-08-09,0.0
58,2017-08-09,0.15
59,2017-08-08,0.0
60,2017-08-08,0.1
61,2017-08-08,0.0
62,2017-08-08,0.34
63,2017-08-07,0.0
64,2017-08-07,0.0
65,2017-08-07,0.0
66,2017-08-07,0.05
67,2017-08-06,0.0
68,2017-08-06,0.0
69,2017-08-06,0.0
70,2017-08-06,0.0
71,2017-08-06,
72,2017-08-05,0.0
73,2017-08-05,0.06
74,2017-08-05,
75,2017-08-04,0.02
76,2017-08-04,0.04
77,2017-08-04,0.0
78,2017-08-04,0.0
79,2017-08-03,0.0
80,2017-08-03,0.01
81,2017-08-03,0.0
82,2017-08-03,0.06
83,2017-08-02,0.0
84,2017-08-02,0.05
85,2017-08-02,0.0
86,2017-08-02,0.25
87,2017-08-01,0.02
88,2017-08-01,0.12
89,2017-08-01,0.0
90,2017-08-01,
91,2017-07-31,0.0
92,2017-07-31,0.0
93,2017-07-31,
94,2017-07-31,
95,2017-07-31,0.0
96,2017-07-31,0.0
97,2017-07-31,0.0
98,2017-07-30,0.0
99,2017-07-30,0.0
100,2017-07-30,0.0
101,2017-07-30,0.0
102,2017-07-30,0.3
103,2017-07-29,0.0
104,2017-07-29,0.06
105,2017-07-29,0.02
106,2017-07-29,0.0
107,2017-07-29,0.23
108,2017-07-29,0.3
109,2017-07-28,0.0
110,2017-07-28,0.13
111,2017-07-28,0.14
112,2017-07-28,0.01
113,2017-07-28,0.0
114,2017-07-28,0.09
115,2017-07-28,0.4
116,2017-07-27,0.0
117,2017-07-27,0.0
118,2017-07-27,0.0
119,2017-07-27,
120,2017-07-27,0.0
121,2017-07-27,0.01
122,2017-07-27,0.0
123,2017-07-26,0.0
124,2017-07-26,0.06
125,2017-07-26,0.02
126,2017-07-26,
127,2017-07-26,0.0
128,2017-07-26,0.12
129,2017-07-26,0.3
130,2017-07-25,0.0
131,2017-07-25,0.03
132,2017-07-25,0.12
133,2017-07-25,0.0
134,2017-07-25,0.05
135,2017-07-25,0.11
136,2017-07-25,0.3
137,2017-07-24,0.05
138,2017-07-24,0.58
139,2017-07-24,1.19
140,2017-07-24,
141,2017-07-24,0.61
142,2017-07-24,0.84
143,2017-07-23,0.0
144,2017-07-23,0.06
145,2017-07-23,0.07
146,2017-07-23,0.2
147,2017-07-23,0.8
148,2017-07-22,0.03
149,2017-07-22,0.07
150,2017-07-22,0.12
151,2017-07-22,0.0
152,2017-07-22,0.2
153,2017-07-22,4.0
154,2017-07-21,0.0
155,2017-07-21,0.0
156,2017-07-21,0.0
157,2017-07-21,0.0
158,2017-07-21,0.0
159,2017-07-21,0.03
160,2017-07-21,0.1
161,2017-07-20,0.03
162,2017-07-20,0.12
163,2017-07-20,0.0
164,2017-07-20,0.0
165,2017-07-20,0.33
166,2017-07-20,0.06
167,2017-07-20,0.7
168,2017-07-19,0.0
169,2017-07-19,0.09
170,2017-07-19,0.0
171,2017-07-19,0.0
172,2017-07-19,0.05
173,2017-07-19,0.27
174,2017-07-18,0.05
175,2017-07-18,0.03
176,2017-07-18,0.0
177,2017-07-18,0.0
178,2017-07-18,0.0
179,2017-07-18,0.05
180,2017-07-18,2.4
181,2017-07-17,0.03
182,2017-07-17,0.12
183,2017-07-17,0.16
184,2017-07-17,0.0
185,2017-07-17,0.21
186,2017-07-17,0.39
187,2017-07-16,0.02
188,2017-07-16,0.07
189,2017-07-16,0.12
190,2017-07-16,0.0
191,2017-07-16,0.1
192,2017-07-16,0.5
193,2017-07-15,0.0
194,2017-07-15,0.03
195,2017-07-15,0.01
196,2017-07-15,0.0
197,2017-07-15,0.05
198,2017-07-15,0.1
199,2017-07-14,0.02
200,2017-07-14,0.05
201,2017-07-14,0.0
202,2017-07-14,0.0
203,2017-07-14,0.2
204,2017-07-14,0.68
205,2017-07-13,0.07
206,2017-07-13,0.33
207,2017-07-13,0.3
208,2017-07-13,
209,2017-07-13,0.11
210,2017-07-13,0.32
211,2017-07-13,0.68
212,2017-07-12,0.0
213,2017-07-12,0.01
214,2017-07-12,0.02
215,2017-07-12,
216,2017-07-12,0.0
217,2017-07-12,0.28
218,2017-07-12,0.05
219,2017-07-11,0.0
220,2017-07-11,0.01
221,2017-07-11,0.0
222,2017-07-11,
223,2017-07-11,0.0
224,2017-07-11,0.02
225,2017-07-11,0.0
226,2017-07-10,0.0
227,2017-07-10,0.0
228,2017-07-10,0.0
229,2017-07-10,
230,2017-07-10,0.0
231,2017-07-10,0.02
232,2017-07-10,0.02
233,2017-07-09,0.0
234,2017-07-09,0.09
235,2017-07-09,0.0
236,2017-07-09,0.0
237,2017-07-09,0.11
238,2017-07-09,0.0
239,2017-07-08,0.0
240,2017-07-08,0.02
241,2017-07-08,0.06
242,2017-07-08,0.0
243,2017-07-08,0.0
244,2017-07-08,0.02
245,2017-07-07,0.0
246,2017-07-07,0.02
247,2017-07-07,
248,2017-07-07,
249,2017-07-07,0.0
250,2017-07-07,0.18
251,2017-07-07,0.3
252,2017-07-06,0.0
253,2017-07-06,0.0
254,2017-07-06,
255,2017-07-06,0.0
256,2017-07-06,0.0
257,2017-07-06,0.02
258,2017-07-05,0.0
259,2017-07-05,0.0
260,2017-07-05,
261,2017-07-05,
262,2017-07-05,
263,2017-07-05,0.0
264,2017-07-05,0.0
265,2017-07-04,0.04
266,2017-07-04,0.03
267,2017-07-04,0.08
268,2017-07-04,0.0
269,2017-07-03,0.04
270,2017-07-03,0.13
271,2017-07-03,
272,2017-07-03,
273,2017-07-03,0.02
274,2017-07-03,0.15
275,2017-07-03,0.4
276,2017-07-02,0.02
277,2017-07-02,0.05
278,2017-07-02,
279,2017-07-02,0.15
280,2017-07-02,0.5
281,2017-07-01,0.02
282,2017-07-01,0.06
283,2017-07-01,0.08
284,2017-07-01,0.1
285,2017-06-30,0.08
286,2017-06-30,0.04
287,2017-06-30,0.0
288,2017-06-30,0.12
289,2017-06-30,0.07
290,2017-06-30,0.01
291,2017-06-30,0.2
292,2017-06-29,0.0
293,2017-06-29,0.03
294,2017-06-29,
295,2017-06-29,0.0
296,2017-06-29,0.0
297,2017-06-29,0.0
298,2017-06-29,0.04
299,2017-06-28,0.0
300,2017-06-28,0.01
301,2017-06-28,0.0
302,2017-06-28,0.0
303,2017-06-28,0.0
304,2017-06-28,0.02
305,2017-06-27,0.0
306,2017-06-27,0.0
307,2017-06-27,0.0
308,2017-06-27,0.0
309,2017-06-27,0.01
310,2017-06-27,0.1
311,2017-06-26,0.0
312,2017-06-26,0.02
313,2017-06-26,
314,2017-06-26,
315,2017-06-26,0.0
316,2017-06-26,0.06
317,2017-06-26,0.02
318,2017-06-25,0.0
319,2017-06-25,0.08
320,2017-06-25,0.0
321,2017-06-25,0.02
322,2017-06-25,0.5
323,2017-06-24,0.06
324,2017-06-24,0.0
325,2017-06-24,0.0
326,2017-06-24,0.36
327,2017-06-24,0.22
328,2017-06-23,0.0
329,2017-06-23,0.0
330,2017-06-23,
331,2017-06-23,0.0
332,2017-06-23,0.05
333,2017-06-23,0.12
334,2017-06-23,0.5
335,2017-06-22,0.0
336,2017-06-22,0.1
337,2017-06-22,0.0
338,2017-06-22,0.0
339,2017-06-22,0.06
340,2017-06-22,0.28
341,2017-06-21,0.0
342,2017-06-21,0.02
343,2017-06-21,
344,2017-06-21,
345,2017-06-21,0.19
346,2017-06-21,0.3
347,2017-06-20,0.02
348,2017-06-20,0.05
349,2017-06-20,0.17
350,2017-06-20,
351,2017-06-20,0.0
352,2017-06-20,0.31
353,2017-06-19,0.0
354,2017-06-19,0.05
355,2017-06-19,0.19
356,2017-06-19,
357,2017-06-19,0.01
358,2017-06-19,0.08
359,2017-06-19,0.4
360,2017-06-18,0.05
361,2017-06-18,0.25
362,2017-06-18,0.18
363,2017-06-18,0.0
364,2017-06-18,0.24
365,2017-06-18,0.7
366,2017-06-17,0.0
367,2017-06-17,0.35
368,2017-06-17,0.02
369,2017-06-17,0.0
370,2017-06-17,0.07
371,2017-06-17,0.1
372,2017-06-16,0.0
373,2017-06-16,0.02
374,2017-06-16,0.02
375,2017-06-16,
376,2017-06-16,0.0
377,2017-06-16,0.06
378,2017-06-16,0.1
379,2017-06-15,0.0
380,2017-06-15,0.17
381,2017-06-15,0.3
382,2017-06-15,
383,2017-06-15,0.0
384,2017-06-15,0.55
385,2017-06-15,1.69
386,2017-06-14,0.0
387,2017-06-14,0.27
388,2017-06-14,0.21
389,2017-06-14,
390,2017-06-14,0.06
391,2017-06-14,0.22
392,2017-06-14,0.81
393,2017-06-13,0.0
394,2017-06-13,0.36
395,2017-06-13,0.1
396,2017-06-13,
397,2017-06-13,0.03
398,2017-06-13,0.24
399,2017-06-13,0.65
400,2017-06-12,0.02
401,2017-06-12,0.19
402,2017-06-12,0.35
403,2017-06-12,0.14
404,2017-06-12,0.24
405,2017-06-12,0.81
406,2017-06-11,0.08
407,2017-06-11,0.24
408,2017-06-11,0.14
409,2017-06-11,0.25
410,2017-06-11,0.74
411,2017-06-11,0.7
412,2017-06-10,0.04
413,2017-06-10,0.21
414,2017-06-10,0.53
415,2017-06-10,0.13
416,2017-06-10,0.62
417,2017-06-10,
418,2017-06-09,0.0
419,2017-06-09,0.02
420,2017-06-09,0.0
421,2017-06-09,
422,2017-06-09,0.0
423,2017-06-09,0.02
424,2017-06-08,0.0
425,2017-06-08,0.02
426,2017-06-08,0.01
427,2017-06-08,
428,2017-06-08,0.0
429,2017-06-08,0.0
430,2017-06-08,0.0
431,2017-06-07,0.0
432,2017-06-07,0.0
433,2017-06-07,0.0
434,2017-06-07,
435,2017-06-07,0.0
436,2017-06-07,0.0
437,2017-06-07,0.01
438,2017-06-06,0.0
439,2017-06-06,0.0
440,2017-06-06,0.0
441,2017-06-06,
442,2017-06-06,0.0
443,2017-06-06,0.0
444,2017-06-06,0.0
445,2017-06-05,0.0
446,2017-06-05,0.0
447,2017-06-05,0.02
448,2017-06-05,
449,2017-06-05,0.0
450,2017-06-05,0.05
451,2017-06-05,0.01
452,2017-06-04,0.0
453,2017-06-04,0.15
454,2017-06-04,0.05
455,2017-06-04,0.0
456,2017-06-04,0.13
457,2017-06-04,0.82
458,2017-06-03,0.02
459,2017-06-03,0.2
460,2017-06-03,0.16
461,2017-06-03,0.15
462,2017-06-03,0.08
463,2017-06-03,
464,2017-06-02,0.0
465,2017-06-02,0.1
466,2017-06-02,0.15
467,2017-06-02,
468,2017-06-02,0.0
469,2017-06-02,0.09
470,2017-06-01,0.0
471,2017-06-01,0.03
472,2017-06-01,0.0
473,2017-06-01,0.0
474,2017-06-01,0.0
475,2017-06-01,0.01
476,2017-05-31,0.02
477,2017-05-31,0.1
478,2017-05-31,0.0
479,2017-05-31,0.0
480,2017-05-31,0.25
481,2017-05-30,0.26
482,2017-05-30,0.2
483,2017-05-30,0.04
484,2017-05-30,0.11
485,2017-05-30,1.12
486,2017-05-30,
487,2017-05-29,0.0
488,2017-05-29,0.02
489,2017-05-29,0.0
490,2017-05-29,0.0
491,2017-05-29,0.4
492,2017-05-28,0.02
493,2017-05-28,0.29
494,2017-05-28,0.02
495,2017-05-28,0.0
496,2017-05-28,0.08
497,2017-05-28,0.0
498,2017-05-27,0.01
499,2017-05-27,0.0
500,2017-05-27,0.0
501,2017-05-27,0.0
502,2017-05-27,0.0
503,2017-05-27,0.5
504,2017-05-26,0.02
505,2017-05-26,0.0
506,2017-05-26,0.0
507,2017-05-26,0.0
508,2017-05-26,0.0
509,2017-05-25,0.15
510,2017-05-25,0.37
511,2017-05-25,0.07
512,2017-05-25,0.55
513,2017-05-25,0.2
514,2017-05-25,0.88
515,2017-05-24,0.13
516,2017-05-24,0.58
517,2017-05-24,0.1
518,2017-05-24,0.61
519,2017-05-24,0.3
520,2017-05-24,2.17
521,2017-05-23,0.08
522,2017-05-23,0.02
523,2017-05-23,0.11
524,2017-05-23,0.0
525,2017-05-23,0.06
526,2017-05-23,0.44
527,2017-05-22,0.0
528,2017-05-22,0.0
529,2017-05-22,
530,2017-05-22,0.0
531,2017-05-22,0.06
532,2017-05-22,0.3
533,2017-05-21,0.0
534,2017-05-21,0.0
535,2017-05-21,0.0
536,2017-05-21,0.01
537,2017-05-21,0.0
538,2017-05-20,0.0
539,2017-05-20,0.0
540,2017-05-20,0.01
541,2017-05-20,
542,2017-05-20,0.02
543,2017-05-20,
544,2017-05-19,0.0
545,2017-05-19,0.02
546,2017-05-19,0.01
547,2017-05-19,0.01
548,2017-05-18,0.01
549,2017-05-18,0.09
550,2017-05-18,0.16
551,2017-05-18,0.46
552,2017-05-18,0.13
553,2017-05-18,0.0
554,2017-05-17,0.0
555,2017-05-17,0.02
556,2017-05-17,0.0
557,2017-05-17,0.0
558,2017-05-17,0.07
559,2017-05-17,0.06
560,2017-05-16,0.01
561,2017-05-16,0.03
562,2017-05-16,0.05
563,2017-05-16,0.0
564,2017-05-16,0.03
565,2017-05-16,0.3
566,2017-05-15,0.05
567,2017-05-15,0.08
568,2017-05-15,
569,2017-05-15,0.06
570,2017-05-15,0.09
571,2017-05-15,0.6
572,2017-05-14,0.0
573,2017-05-14,0.05
574,2017-05-14,0.0
575,2017-05-14,0.17
576,2017-05-14,1.0
577,2017-05-13,0.0
578,2017-05-13,0.02
579,2017-05-13,0.0
580,2017-05-13,0.12
581,2017-05-13,0.1
582,2017-05-12,0.0
583,2017-05-12,0.04
584,2017-05-12,
585,2017-05-12,0.0
586,2017-05-12,0.02
587,2017-05-12,0.1
588,2017-05-11,0.01
589,2017-05-11,0.03
590,2017-05-11,0.0
591,2017-05-11,0.12
592,2017-05-11,0.44
593,2017-05-10,0.0
594,2017-05-10,0.05
595,2017-05-10,0.0
596,2017-05-10,0.06
597,2017-05-10,0.2
598,2017-05-10,0.55
599,2017-05-09,1.62
600,2017-05-09,0.52
601,2017-05-09,0.68
602,2017-05-09,1.58
603,2017-05-09,0.23
604,2017-05-08,0.0
605,2017-05-08,0.22
606,2017-05-08,0.95
607,2017-05-08,0.0
608,2017-05-08,0.73
609,2017-05-08,1.11
610,2017-05-07,0.0
611,2017-05-07,0.07
612,2017-05-07,0.0
613,2017-05-07,0.02
614,2017-05-07,0.03
615,2017-05-06,0.0
616,2017-05-06,0.0
617,2017-05-06,0.06
618,2017-05-06,0.0
619,2017-05-06,0.0
620,2017-05-06,0.0
621,2017-05-05,0.0
622,2017-05-05,0.0
623,2017-05-05,0.28
624,2017-05-05,0.0
625,2017-05-05,0.0
626,2017-05-05,0.1
627,2017-05-04,0.0
628,2017-05-04,0.0
629,2017-05-04,0.08
630,2017-05-04,0.0
631,2017-05-04,0.0
632,2017-05-04,
633,2017-05-03,0.0
634,2017-05-03,0.01
635,2017-05-03,0.01
636,2017-05-03,0.0
637,2017-05-03,0.01
638,2017-05-02,0.0
639,2017-05-02,0.03
640,2017-05-02,0.01
641,2017-05-02,0.0
642,2017-05-02,0.01
643,2017-05-02,0.0
644,2017-05-01,0.26
645,2017-05-01,0.07
646,2017-05-01,0.03
647,2017-05-01,0.07
648,2017-05-01,0.13
649,2017-05-01,0.25
650,2017-04-30,0.89
651,2017-04-30,1.21
652,2017-04-30,1.17
653,2017-04-30,1.31
654,2017-04-30,1.04
655,2017-04-30,0.8
656,2017-04-29,0.12
657,2017-04-29,0.35
658,2017-04-29,0.95
659,2017-04-29,6.25
660,2017-04-29,0.37
661,2017-04-29,0.0
662,2017-04-28,0.0
663,2017-04-28,2.6
664,2017-04-28,0.09
665,2017-04-28,
666,2017-04-28,0.0
667,2017-04-28,0.76
668,2017-04-28,0.79
669,2017-04-27,0.0
670,2017-04-27,0.1
671,2017-04-27,0.02
672,2017-04-27,
673,2017-04-27,0.0
674,2017-04-27,0.19
675,2017-04-27,0.11
676,2017-04-26,0.0
677,2017-04-26,0.0
678,2017-04-26,0.14
679,2017-04-26,0.01
680,2017-04-26,0.02
681,2017-04-26,0.22
682,2017-04-25,0.0
683,2017-04-25,0.0
684,2017-04-25,0.0
685,2017-04-25,
686,2017-04-25,0.0
687,2017-04-25,0.0
688,2017-04-25,0.0
689,2017-04-24,0.0
690,2017-04-24,0.0
691,2017-04-24,
692,2017-04-24,
693,2017-04-24,
694,2017-04-24,0.01
695,2017-04-24,0.05
696,2017-04-23,0.03
697,2017-04-23,0.02
698,2017-04-23,0.06
699,2017-04-23,0.35
700,2017-04-22,0.32
701,2017-04-22,1.01
702,2017-04-22,0.7
703,2017-04-22,1.58
704,2017-04-22,1.35
705,2017-04-21,0.23
706,2017-04-21,1.16
707,2017-04-21,1.05
708,2017-04-21,
709,2017-04-21,2.36
710,2017-04-21,1.74
711,2017-04-21,1.84
712,2017-04-20,0.05
713,2017-04-20,0.33
714,2017-04-20,0.0
715,2017-04-20,
716,2017-04-20,0.35
717,2017-04-20,0.05
718,2017-04-20,0.0
719,2017-04-19,0.02
720,2017-04-19,0.02
721,2017-04-19,0.0
722,2017-04-19,
723,2017-04-19,0.0
724,2017-04-19,0.02
725,2017-04-19,0.14
726,2017-04-18,0.0
727,2017-04-18,0.08
728,2017-04-18,0.12
729,2017-04-18,0.0
730,2017-04-18,0.15
731,2017-04-18,2.03
732,2017-04-18,0.98
733,2017-04-17,0.02
734,2017-04-17,0.41
735,2017-04-17,
736,2017-04-17,
737,2017-04-17,0.3
738,2017-04-17,1.04
739,2017-04-17,1.3
740,2017-04-16,0.0
741,2017-04-16,0.49
742,2017-04-16,0.0
743,2017-04-16,0.47
744,2017-04-16,0.11
745,2017-04-15,0.01
746,2017-04-15,0.45
747,2017-04-15,0.0
748,2017-04-15,0.38
749,2017-04-15,0.9
750,2017-04-14,0.26
751,2017-04-14,0.69
752,2017-04-14,0.29
753,2017-04-14,0.36
754,2017-04-14,2.3
755,2017-04-14,2.82
756,2017-04-13,0.0
757,2017-04-13,0.27
758,2017-04-13,0.0
759,2017-04-13,
760,2017-04-13,0.0
761,2017-04-13,0.59
762,2017-04-13,0.23
763,2017-04-12,0.0
764,2017-04-12,0.03
765,2017-04-12,0.29
766,2017-04-12,
767,2017-04-12,0.0
768,2017-04-12,0.11
769,2017-04-12,0.65
770,2017-04-11,0.0
771,2017-04-11,0.03
772,2017-04-11,0.16
773,2017-04-11,
774,2017-04-11,0.0
775,2017-04-11,0.03
776,2017-04-11,0.25
777,2017-04-10,0.0
778,2017-04-10,0.01
779,2017-04-10,0.0
780,2017-04-10,
781,2017-04-10,0.0
782,2017-04-10,0.01
783,2017-04-10,0.0
784,2017-04-09,0.0
785,2017-04-09,0.0
786,2017-04-09,
787,2017-04-09,
788,2017-04-09,0.0
789,2017-04-09,0.0
790,2017-04-08,0.0
791,2017-04-08,0.0
792,2017-04-08,0.0
793,2017-04-08,
794,2017-04-07,0.0
795,2017-04-07,0.0
796,2017-04-07,0.0
797,2017-04-07,0.0
798,2017-04-07,0.0
799,2017-04-07,0.0
800,2017-04-06,0.0
801,2017-04-06,0.0
802,2017-04-06,0.0
803,2017-04-06,0.0
804,2017-04-06,0.0
805,2017-04-06,0.06
806,2017-04-06,0.0
807,2017-04-05,0.0
808,2017-04-05,0.04
809,2017-04-05,0.07
810,2017-04-05,0.0
811,2017-04-05,0.0
812,2017-04-05,0.1
813,2017-04-05,0.45
814,2017-04-04,0.0
815,2017-04-04,0.04
816,2017-04-04,0.0
817,2017-04-04,0.0
818,2017-04-04,0.0
819,2017-04-04,0.09
820,2017-04-04,0.02
821,2017-04-03,0.0
822,2017-04-03,0.08
823,2017-04-03,0.09
824,2017-04-03,
825,2017-04-03,0.0
826,2017-04-03,0.26
827,2017-04-03,0.23
828,2017-04-02,0.0
829,2017-04-02,0.0
830,2017-04-02,0.0
831,2017-04-02,0.0
832,2017-04-02,0.0
833,2017-04-02,0.0
834,2017-04-01,0.0
835,2017-04-01,0.0
836,2017-04-01,0.0
837,2017-04-01,0.0
838,2017-04-01,0.21
839,2017-04-01,0.2
840,2017-03-31,0.0
841,2017-03-31,0.0
842,2017-03-31,0.0
843,2017-03-31,0.0
844,2017-03-31,0.0
845,2017-03-31,0.01
846,2017-03-31,
847,2017-03-30,0.0
848,2017-03-30,0.08
849,2017-03-30,0.03
850,2017-03-30,
851,2017-03-30,0.0
852,2017-03-30,0.04
853,2017-03-29,0.0
854,2017-03-29,0.0
855,2017-03-29,0.03
856,2017-03-29,
857,2017-03-29,0.08
858,2017-03-29,0.01
859,2017-03-29,0.07
860,2017-03-28,0.0
861,2017-03-28,0.03
862,2017-03-28,0.0
863,2017-03-28,
864,2017-03-28,0.0
865,2017-03-28,0.0
866,2017-03-28,0.68
867,2017-03-27,0.0
868,2017-03-27,0.0
869,2017-03-27,
870,2017-03-27,0.0
871,2017-03-27,0.01
872,2017-03-27,0.0
873,2017-03-26,0.0
874,2017-03-26,0.0
875,2017-03-26,0.0
876,2017-03-26,0.0
877,2017-03-26,0.0
878,2017-03-25,0.0
879,2017-03-25,0.13
880,2017-03-25,0.43
881,2017-03-25,0.93
882,2017-03-25,0.48
883,2017-03-24,0.02
884,2017-03-24,0.6
885,2017-03-24,0.15
886,2017-03-24,0.07
887,2017-03-24,0.12
888,2017-03-24,0.17
889,2017-03-23,0.0
890,2017-03-23,0.0
891,2017-03-23,0.0
892,2017-03-23,0.02
893,2017-03-23,0.0
894,2017-03-23,0.03
895,2017-03-22,0.0
896,2017-03-22,0.0
897,2017-03-22,0.0
898,2017-03-22,0.0
899,2017-03-22,0.0
900,2017-03-22,0.0
901,2017-03-21,0.0
902,2017-03-21,0.0
903,2017-03-21,0.0
904,2017-03-21,0.0
905,2017-03-21,0.09
906,2017-03-21,0.0
907,2017-03-20,0.0
908,2017-03-20,0.0
909,2017-03-20,
910,2017-03-20,0.0
911,2017-03-20,0.02
912,2017-03-20,0.0
913,2017-03-19,0.0
914,2017-03-19,0.0
915,2017-03-19,0.0
916,2017-03-19,0.0
917,2017-03-19,0.0
918,2017-03-18,0.0
919,2017-03-18,0.0
920,2017-03-18,0.0
921,2017-03-18,0.0
922,2017-03-18,0.0
923,2017-03-18,
924,2017-03-17,0.0
925,2017-03-17,0.19
926,2017-03-17,0.06
927,2017-03-17,
928,2017-03-17,0.35
929,2017-03-17,0.12
930,2017-03-16,0.0
931,2017-03-16,0.0
932,2017-03-16,
933,2017-03-16,
934,2017-03-16,0.0
935,2017-03-16,0.0
936,2017-03-16,0.0
937,2017-03-15,0.0
938,2017-03-15,0.0
939,2017-03-15,0.0
940,2017-03-15,0.0
941,2017-03-15,0.06
942,2017-03-15,0.0
943,2017-03-14,0.0
944,2017-03-14,0.0
945,2017-03-14,0.0
946,2017-03-14,0.06
947,2017-03-14,0.0
948,2017-03-14,0.0
949,2017-03-14,0.0
950,2017-03-13,0.0
951,2017-03-13,0.0
952,2017-03-13,0.0
953,2017-03-13,
954,2017-03-13,0.0
955,2017-03-13,0.0
956,2017-03-13,
957,2017-03-12,0.0
958,2017-03-12,0.0
959,2017-03-12,
960,2017-03-12,0.0
961,2017-03-12,0.0
962,2017-03-11,0.0
963,2017-03-11,0.03
964,2017-03-11,0.0
965,2017-03-11,0.01
966,2017-03-11,0.0
967,2017-03-10,0.0
968,2017-03-10,0.13
969,2017-03-10,0.13
970,2017-03-10,0.0
971,2017-03-10,0.0
972,2017-03-10,0.03
973,2017-03-10,0.0
974,2017-03-09,0.0
975,2017-03-09,0.8
976,2017-03-09,0.5
977,2017-03-09,0.0
978,2017-03-09,
979,2017-03-09,0.65
980,2017-03-09,0.01
981,2017-03-08,0.0
982,2017-03-08,0.0
983,2017-03-08,0.0
984,2017-03-08,
985,2017-03-08,0.0
986,2017-03-08,0.0
987,2017-03-07,0.0
988,2017-03-07,0.0
989,2017-03-07,0.0
990,2017-03-07,
991,2017-03-07,0.0
992,2017-03-07,0.0
993,2017-03-06,0.0
994,2017-03-06,0.51
995,2017-03-06,
996,2017-03-06,
997,2017-03-06,
998,2017-03-06,0.03
999,2017-03-06,0.0
1000,2017-03-05,0.35
1001,2017-03-05,0.1
1002,2017-03-05,0.41
1003,2017-03-05,0.35
1004,2017-03-04,0.0
1005,2017-03-04,0.0
1006,2017-03-04,0.0
1007,2017-03-04,0.0
1008,2017-03-04,0.0
1009,2017-03-03,0.47
1010,2017-03-03,0.54
1011,2017-03-03,
1012,2017-03-03,0.14
1013,2017-03-03,0.25
1014,2017-03-03,0.27
1015,2017-03-03,0.56
1016,2017-03-02,0.73
1017,2017-03-02,1.45
1018,2017-03-02,0.44
1019,2017-03-02,1.48
1020,2017-03-02,1.88
1021,2017-03-02,0.58
1022,2017-03-01,1.19
1023,2017-03-01,2.2
1024,2017-03-01,1.12
1025,2017-03-01,2.4
1026,2017-03-01,0.59
1027,2017-03-01,2.12
1028,2017-03-01,2.0
1029,2017-02-28,0.0
1030,2017-02-28,0.16
1031,2017-02-28,0.04
1032,2017-02-28,
1033,2017-02-28,0.0
1034,2017-02-28,0.04
1035,2017-02-28,0.58
1036,2017-02-27,0.0
1037,2017-02-27,0.0
1038,2017-02-27,0.0
1039,2017-02-27,
1040,2017-02-27,0.0
1041,2017-02-27,0.0
1042,2017-02-27,0.0
1043,2017-02-26,0.0
1044,2017-02-26,0.0
1045,2017-02-26,
1046,2017-02-26,
1047,2017-02-26,0.0
1048,2017-02-26,0.0
1049,2017-02-25,0.03
1050,2017-02-25,0.0
1051,2017-02-25,0.0
1052,2017-02-25,0.12
1053,2017-02-24,0.0
1054,2017-02-24,0.0
1055,2017-02-24,0.0
1056,2017-02-24,0.0
1057,2017-02-24,0.0
1058,2017-02-24,0.0
1059,2017-02-24,0.0
1060,2017-02-23,0.01
1061,2017-02-23,0.0
1062,2017-02-23,0.0
1063,2017-02-23,0.0
1064,2017-02-23,0.0
1065,2017-02-23,0.0
1066,2017-02-23,0.0
1067,2017-02-22,0.06
1068,2017-02-22,0.06
1069,2017-02-22,0.11
1070,2017-02-22,0.17
1071,2017-02-22,0.13
1072,2017-02-22,0.06
1073,2017-02-22,0.32
1074,2017-02-21,0.06
1075,2017-02-21,0.0
1076,2017-02-21,0.0
1077,2017-02-21,
1078,2017-02-21,0.0
1079,2017-02-21,0.07
1080,2017-02-20,0.0
1081,2017-02-20,0.0
1082,2017-02-20,
1083,2017-02-20,
1084,2017-02-20,0.0
1085,2017-02-20,0.0
1086,2017-02-19,0.0
1087,2017-02-19,0.0
1088,2017-02-19,0.09
1089,2017-02-19,0.1
1090,2017-02-18,0.0
1091,2017-02-18,0.0
1092,2017-02-18,0.01
1093,2017-02-18,0.0
1094,2017-02-18,
1095,2017-02-17,0.0
1096,2017-02-17,0.8
1097,2017-02-17,0.06
1098,2017-02-17,0.0
1099,2017-02-17,0.06
1100,2017-02-17,0.13
1101,2017-02-16,0.07
1102,2017-02-16,0.0
1103,2017-02-16,0.62
1104,2017-02-16,
1105,2017-02-16,0.67
1106,2017-02-16,0.73
1107,2017-02-16,0.13
1108,2017-02-15,0.0
1109,2017-02-15,0.0
1110,2017-02-15,0.0
1111,2017-02-15,
1112,2017-02-15,
1113,2017-02-15,0.01
1114,2017-02-15,0.07
1115,2017-02-14,0.0
1116,2017-02-14,0.0
1117,2017-02-14,0.0
1118,2017-02-14,0.0
1119,2017-02-14,0.0
1120,2017-02-14,0.01
1121,2017-02-13,0.01
1122,2017-02-13,2.9
1123,2017-02-13,0.0
1124,2017-02-13,
1125,2017-02-13,0.0
1126,2017-02-13,0.01
1127,2017-02-13,0.0
1128,2017-02-12,2.62
1129,2017-02-12,1.07
1130,2017-02-12,1.91
1131,2017-02-12,0.07
1132,2017-02-12,2.98
1133,2017-02-12,1.83
1134,2017-02-11,0.31
1135,2017-02-11,1.0
1136,2017-02-11,2.39
1137,2017-02-11,5.04
1138,2017-02-11,1.73
1139,2017-02-11,0.73
1140,2017-02-10,0.0
1141,2017-02-10,0.0
1142,2017-02-10,0.0
1143,2017-02-10,0.0
1144,2017-02-10,0.0
1145,2017-02-10,0.0
1146,2017-02-10,0.0
1147,2017-02-09,0.0
1148,2017-02-09,0.02
1149,2017-02-09,0.0
1150,2017-02-09,0.0
1151,2017-02-09,0.0
1152,2017-02-09,0.0
1153,2017-02-09,0.0
1154,2017-02-08,0.0
1155,2017-02-08,1.08
1156,2017-02-08,0.0
1157,2017-02-08,0.0
1158,2017-02-08,0.0
1159,2017-02-08,0.0
1160,2017-02-08,0.0
1161,2017-02-07,0.51
1162,2017-02-07,1.08
1163,2017-02-07,0.9
1164,2017-02-07,0.0
1165,2017-02-07,1.8
1166,2017-02-07,1.32
1167,2017-02-07,1.79
1168,2017-02-06,0.0
1169,2017-02-06,0.16
1170,2017-02-06,0.04
1171,2017-02-06,
1172,2017-02-06,0.0
1173,2017-02-06,0.18
1174,2017-02-06,0.0
1175,2017-02-05,0.0
1176,2017-02-05,0.0
1177,2017-02-05,
1178,2017-02-05,0.0
1179,2017-02-05,0.0
1180,2017-02-05,0.0
1181,2017-02-04,0.0
1182,2017-02-04,0.0
1183,2017-02-04,0.0
1184,2017-02-04,0.0
1185,2017-02-04,
1186,2017-02-03,0.0
1187,2017-02-03,0.0
1188,2017-02-03,0.0
1189,2017-02-03,0.0
1190,2017-02-03,0.0
1191,2017-02-03,0.0
1192,2017-02-02,0.0
1193,2017-02-02,0.0
1194,2017-02-02,0.0
1195,2017-02-02,0.0
1196,2017-02-02,0.0
1197,2017-02-02,0.0
1198,2017-02-02,0.0
1199,2017-02-01,0.0
1200,2017-02-01,0.0
1201,2017-02-01,0.0
1202,2017-02-01,0.0
1203,2017-02-01,0.0
1204,2017-02-01,0.0
1205,2017-02-01,0.0
1206,2017-01-31,0.0
1207,2017-01-31,0.0
1208,2017-01-31,0.0
1209,2017-01-31,0.0
1210,2017-01-31,0.0
1211,2017-01-31,0.0
1212,2017-01-31,0.0
1213,2017-01-30,0.0
1214,2017-01-30,0.0
1215,2017-01-30,
1216,2017-01-30,0.05
1217,2017-01-30,0.0
1218,2017-01-30,0.0
1219,2017-01-30,0.0
1220,2017-01-29,0.18
1221,2017-01-29,0.0
1222,2017-01-29,
1223,2017-01-29,0.26
1224,2017-01-29,0.55
1225,2017-01-28,0.0
1226,2017-01-28,0.14
1227,2017-01-28,0.0
1228,2017-01-28,0.0
1229,2017-01-28,0.0
1230,2017-01-27,0.0
1231,2017-01-27,0.0
1232,2017-01-27,0.0
1233,2017-01-27,0.0
1234,2017-01-27,0.0
1235,2017-01-27,0.03
1236,2017-01-27,0.03
1237,2017-01-26,0.0
1238,2017-01-26,0.0
1239,2017-01-26,0.01
1240,2017-01-26,0.0
1241,2017-01-26,0.0
1242,2017-01-26,0.0
1243,2017-01-26,0.1
1244,2017-01-25,0.03
1245,2017-01-25,0.12
1246,2017-01-25,
1247,2017-01-25,
1248,2017-01-25,0.0
1249,2017-01-25,0.79
1250,2017-01-25,2.64
1251,2017-01-24,0.04
1252,2017-01-24,0.15
1253,2017-01-24,
1254,2017-01-24,0.08
1255,2017-01-24,0.13
1256,2017-01-24,1.85
1257,2017-01-23,0.0
1258,2017-01-23,0.08
1259,2017-01-23,
1260,2017-01-23,
1261,2017-01-23,0.0
1262,2017-01-23,0.01
1263,2017-01-23,0.85
1264,2017-01-22,0.16
1265,2017-01-22,0.01
1266,2017-01-22,0.04
1267,2017-01-22,0.09
1268,2017-01-22,0.72
1269,2017-01-21,0.0
1270,2017-01-21,0.04
1271,2017-01-21,0.02
1272,2017-01-21,0.11
1273,2017-01-21,0.03
1274,2017-01-21,0.08
1275,2017-01-20,0.0
1276,2017-01-20,0.0
1277,2017-01-20,0.0
1278,2017-01-20,
1279,2017-01-20,0.0
1280,2017-01-20,0.0
1281,2017-01-20,0.0
1282,2017-01-19,0.0
1283,2017-01-19,0.0
1284,2017-01-19,0.0
1285,2017-01-19,
1286,2017-01-19,0.0
1287,2017-01-19,0.02
1288,2017-01-19,0.0
1289,2017-01-18,0.0
1290,2017-01-18,0.0
1291,2017-01-18,0.0
1292,2017-01-18,0.0
1293,2017-01-18,
1294,2017-01-18,0.0
1295,2017-01-18,0.07
1296,2017-01-17,0.0
1297,2017-01-17,0.0
1298,2017-01-17,0.0
1299,2017-01-17,0.0
1300,2017-01-17,0.0
1301,2017-01-17,0.0
1302,2017-01-16,0.0
1303,2017-01-16,0.0
1304,2017-01-16,
1305,2017-01-16,0.0
1306,2017-01-16,0.0
1307,2017-01-16,0.0
1308,2017-01-15,0.0
1309,2017-01-15,0.0
1310,2017-01-15,
1311,2017-01-15,0.0
1312,2017-01-15,0.01
1313,2017-01-14,0.0
1314,2017-01-14,0.0
1315,2017-01-14,0.0
1316,2017-01-14,0.01
1317,2017-01-14,0.0
1318,2017-01-13,0.0
1319,2017-01-13,0.0
1320,2017-01-13,
1321,2017-01-13,
1322,2017-01-13,0.0
1323,2017-01-13,0.0
1324,2017-01-12,0.0
1325,2017-01-12,0.0
1326,2017-01-12,
1327,2017-01-12,
1328,2017-01-12,0.0
1329,2017-01-12,0.0
1330,2017-01-11,0.0
1331,2017-01-11,0.0
1332,2017-01-11,0.0
1333,2017-01-11,
1334,2017-01-11,0.0
1335,2017-01-11,0.0
1336,2017-01-10,0.0
1337,2017-01-10,0.0
1338,2017-01-10,0.0
1339,2017-01-10,
1340,2017-01-10,0.0
1341,2017-01-10,0.0
1342,2017-01-10,0.0
1343,2017-01-09,0.0
1344,2017-01-09,0.0
1345,2017-01-09,0.0
1346,2017-01-09,
1347,2017-01-09,0.0
1348,2017-01-09,0.0
1349,2017-01-09,0.0
1350,2017-01-08,0.0
1351,2017-01-08,0.0
1352,2017-01-08,0.03
1353,2017-01-08,0.0
1354,2017-01-08,0.0
1355,2017-01-08,0.03
1356,2017-01-07,0.0
1357,2017-01-07,0.06
1358,2017-01-07,0.0
1359,2017-01-07,0.0
1360,2017-01-07,0.0
1361,2017-01-07,0.0
1362,2017-01-06,0.0
1363,2017-01-06,0.0
1364,2017-01-06,0.59
1365,2017-01-06,0.01
1366,2017-01-06,0.1
1367,2017-01-06,0.1
1368,2017-01-05,0.0
1369,2017-01-05,0.0
1370,2017-01-05,0.0
1371,2017-01-05,0.42
1372,2017-01-05,0.06
1373,2017-01-05,0.47
1374,2017-01-04,0.0
1375,2017-01-04,0.0
1376,2017-01-04,0.0
1377,2017-01-04,0.18
1378,2017-01-04,0.0
1379,2017-01-04,0.0
1380,2017-01-03,0.0
1381,2017-01-03,0.0
1382,2017-01-03,0.0
1383,2017-01-03,
1384,2017-01-03,0.0
1385,2017-01-03,0.0
1386,2017-01-02,0.0
1387,2017-01-02,0.0
1388,2017-01-02,0.01
1389,2017-01-02,0.01
1390,2017-01-02,0.0
1391,2017-01-01,0.0
1392,2017-01-01,0.29
1393,2017-01-01,0.0
1394,2017-01-01,
1395,2017-01-01,0.03
1396,2017-01-01,0.03
1397,2016-12-31,0.01
1398,2016-12-31,0.62
1399,2016-12-31,0.36
1400,2016-12-31,0.25
1401,2016-12-31,0.9
1402,2016-12-30,0.12
1403,2016-12-30,0.21
1404,2016-12-30,0.29
1405,2016-12-30,
1406,2016-12-30,0.07
1407,2016-12-30,0.29
1408,2016-12-30,2.37
1409,2016-12-29,0.04
1410,2016-12-29,0.18
1411,2016-12-29,0.56
1412,2016-12-29,
1413,2016-12-29,0.05
1414,2016-12-29,0.52
1415,2016-12-29,1.03
1416,2016-12-28,0.02
1417,2016-12-28,0.09
1418,2016-12-28,0.01
1419,2016-12-28,
1420,2016-12-28,0.06
1421,2016-12-28,0.09
1422,2016-12-28,0.14
1423,2016-12-27,0.0
1424,2016-12-27,0.03
1425,2016-12-27,0.02
1426,2016-12-27,0.0
1427,2016-12-27,0.05
1428,2016-12-27,0.14
1429,2016-12-26,0.02
1430,2016-12-26,0.26
1431,2016-12-26,
1432,2016-12-26,0.06
1433,2016-12-26,0.22
1434,2016-12-26,1.48
1435,2016-12-25,0.0
1436,2016-12-25,0.03
1437,2016-12-25,0.0
1438,2016-12-25,0.02
1439,2016-12-25,0.38
1440,2016-12-24,0.01
1441,2016-12-24,0.14
1442,2016-12-24,0.13
1443,2016-12-24,0.06
1444,2016-12-24,0.2
1445,2016-12-24,1.08
1446,2016-12-23,0.01
1447,2016-12-23,0.1
1448,2016-12-23,0.03
1449,2016-12-23,
1450,2016-12-23,0.02
1451,2016-12-23,0.24
1452,2016-12-23,0.83
1453,2016-12-22,0.01
1454,2016-12-22,0.17
1455,2016-12-22,0.05
1456,2016-12-22,
1457,2016-12-22,0.14
1458,2016-12-22,0.86
1459,2016-12-22,1.24
1460,2016-12-21,0.0
1461,2016-12-21,0.03
1462,2016-12-21,0.09
1463,2016-12-21,0.06
1464,2016-12-21,0.06
1465,2016-12-21,0.11
1466,2016-12-21,0.55
1467,2016-12-20,0.0
1468,2016-12-20,0.02
1469,2016-12-20,0.0
1470,2016-12-20,
1471,2016-12-20,0.01
1472,2016-12-20,0.0
1473,2016-12-20,0.0
1474,2016-12-19,0.01
1475,2016-12-19,0.21
1476,2016-12-19,0.0
1477,2016-12-19,
1478,2016-12-19,0.02
1479,2016-12-19,0.03
1480,2016-12-19,0.15
1481,2016-12-18,0.13
1482,2016-12-18,0.29
1483,2016-12-18,0.04
1484,2016-12-18,0.27
1485,2016-12-18,0.16
1486,2016-12-18,
1487,2016-12-17,0.01
1488,2016-12-17,0.11
1489,2016-12-17,0.0
1490,2016-12-17,0.16
1491,2016-12-17,0.07
1492,2016-12-16,0.0
1493,2016-12-16,0.01
1494,2016-12-16,0.0
1495,2016-12-16,
1496,2016-12-16,0.0
1497,2016-12-16,0.03
1498,2016-12-16,0.0
1499,2016-12-15,0.0
1500,2016-12-15,0.02
1501,2016-12-15,0.07
1502,2016-12-15,
1503,2016-12-15,0.0
1504,2016-12-15,0.14
1505,2016-12-15,0.03
1506,2016-12-14,0.03
1507,2016-12-14,0.05
1508,2016-12-14,0.12
1509,2016-12-14,
1510,2016-12-14,0.05
1511,2016-12-14,0.92
1512,2016-12-14,0.33
1513,2016-12-13,0.05
1514,2016-12-13,0.1
1515,2016-12-13,0.34
1516,2016-12-13,
1517,2016-12-13,0.15
1518,2016-12-13,0.04
1519,2016-12-13,0.09
1520,2016-12-12,0.01
1521,2016-12-12,0.01
1522,2016-12-12,
1523,2016-12-12,0.02
1524,2016-12-12,0.0
1525,2016-12-12,0.0
1526,2016-12-12,0.01
1527,2016-12-11,0.04
1528,2016-12-11,0.02
1529,2016-12-11,0.06
1530,2016-12-11,0.0
1531,2016-12-11,0.13
1532,2016-12-10,0.05
1533,2016-12-10,0.02
1534,2016-12-10,0.0
1535,2016-12-10,
1536,2016-12-10,0.02
1537,2016-12-10,0.04
1538,2016-12-09,0.52
1539,2016-12-09,0.34
1540,2016-12-09,0.26
1541,2016-12-09,
1542,2016-12-09,0.31
1543,2016-12-09,0.42
1544,2016-12-08,0.03
1545,2016-12-08,0.03
1546,2016-12-08,0.02
1547,2016-12-08,0.27
1548,2016-12-08,0.01
1549,2016-12-08,0.07
1550,2016-12-08,0.03
1551,2016-12-07,0.0
1552,2016-12-07,0.17
1553,2016-12-07,
1554,2016-12-07,
1555,2016-12-07,0.07
1556,2016-12-07,0.12
1557,2016-12-07,0.02
1558,2016-12-06,0.02
1559,2016-12-06,0.02
1560,2016-12-06,
1561,2016-12-06,0.0
1562,2016-12-06,0.0
1563,2016-12-06,0.0
1564,2016-12-05,0.43
1565,2016-12-05,0.34
1566,2016-12-05,0.2
1567,2016-12-05,
1568,2016-12-05,0.45
1569,2016-12-05,0.22
1570,2016-12-05,1.6
1571,2016-12-04,0.03
1572,2016-12-04,0.1
1573,2016-12-04,0.0
1574,2016-12-04,0.32
1575,2016-12-04,0.04
1576,2016-12-04,0.31
1577,2016-12-03,0.0
1578,2016-12-03,0.04
1579,2016-12-03,0.26
1580,2016-12-03,0.02
1581,2016-12-03,0.77
1582,2016-12-03,1.62
1583,2016-12-02,0.03
1584,2016-12-02,0.3
1585,2016-12-02,0.4
1586,2016-12-02,
1587,2016-12-02,0.01
1588,2016-12-02,0.35
1589,2016-12-02,1.27
1590,2016-12-01,0.12
1591,2016-12-01,0.33
1592,2016-12-01,0.07
1593,2016-12-01,
1594,2016-12-01,0.16
1595,2016-12-01,0.37
1596,2016-12-01,0.72
1597,2016-11-30,0.14
1598,2016-11-30,0.05
1599,2016-11-30,0.03
1600,2016-11-30,
1601,2016-11-30,0.0
1602,2016-11-30,0.05
1603,2016-11-30,0.79
1604,2016-11-29,0.0
1605,2016-11-29,0.04
1606,2016-11-29,0.04
1607,2016-11-29,
1608,2016-11-29,0.06
1609,2016-11-29,0.09
1610,2016-11-29,0.2
1611,2016-11-28,0.01
1612,2016-11-28,0.02
1613,2016-11-28,0.0
1614,2016-11-28,
1615,2016-11-28,0.0
1616,2016-11-28,0.0
1617,2016-11-28,0.69
1618,2016-11-27,0.0
1619,2016-11-27,0.06
1620,2016-11-27,0.03
1621,2016-11-27,0.0
1622,2016-11-27,0.17
1623,2016-11-27,0.29
1624,2016-11-26,0.05
1625,2016-11-26,0.05
1626,2016-11-26,0.02
1627,2016-11-26,0.03
1628,2016-11-26,0.06
1629,2016-11-26,0.3
1630,2016-11-25,0.05
1631,2016-11-25,0.05
1632,2016-11-25,
1633,2016-11-25,0.11
1634,2016-11-25,0.08
1635,2016-11-25,1.03
1636,2016-11-24,0.05
1637,2016-11-24,0.2
1638,2016-11-24,0.21
1639,2016-11-24,0.3
1640,2016-11-24,0.72
1641,2016-11-23,0.14
1642,2016-11-23,0.03
1643,2016-11-23,
1644,2016-11-23,0.03
1645,2016-11-23,0.25
1646,2016-11-23,0.22
1647,2016-11-22,0.13
1648,2016-11-22,0.41
1649,2016-11-22,
1650,2016-11-22,
1651,2016-11-22,0.31
1652,2016-11-22,2.05
1653,2016-11-22,2.11
1654,2016-11-21,0.01
1655,2016-11-21,0.02
1656,2016-11-21,
1657,2016-11-21,0.07
1658,2016-11-21,0.11
1659,2016-11-21,2.87
1660,2016-11-20,0.05
1661,2016-11-20,0.11
1662,2016-11-20,0.4
1663,2016-11-20,0.39
1664,2016-11-20,
1665,2016-11-19,0.03
1666,2016-11-19,0.11
1667,2016-11-19,0.13
1668,2016-11-19,0.11
1669,2016-11-18,0.0
1670,2016-11-18,0.01
1671,2016-11-18,
1672,2016-11-18,0.02
1673,2016-11-18,0.0
1674,2016-11-17,0.0
1675,2016-11-17,0.03
1676,2016-11-17,0.0
1677,2016-11-17,
1678,2016-11-17,0.0
1679,2016-11-17,0.01
1680,2016-11-17,0.02
1681,2016-11-16,0.0
1682,2016-11-16,0.14
1683,2016-11-16,0.18
1684,2016-11-16,
1685,2016-11-16,0.07
1686,2016-11-16,0.24
1687,2016-11-16,0.91
1688,2016-11-15,0.0
1689,2016-11-15,0.0
1690,2016-11-15,0.0
1691,2016-11-15,
1692,2016-11-15,0.0
1693,2016-11-15,0.0
1694,2016-11-15,0.05
1695,2016-11-14,0.0
1696,2016-11-14,0.06
1697,2016-11-14,0.05
1698,2016-11-14,0.02
1699,2016-11-14,0.0
1700,2016-11-14,0.0
1701,2016-11-14,0.02
1702,2016-11-13,0.0
1703,2016-11-13,0.0
1704,2016-11-13,0.0
1705,2016-11-13,0.0
1706,2016-11-13,0.0
1707,2016-11-13,0.0
1708,2016-11-12,0.0
1709,2016-11-12,0.0
1710,2016-11-12,0.0
1711,2016-11-12,0.0
1712,2016-11-12,0.0
1713,2016-11-12,0.0
1714,2016-11-11,0.0
1715,2016-11-11,0.0
1716,2016-11-11,0.0
1717,2016-11-11,0.0
1718,2016-11-11,0.0
1719,2016-11-11,0.0
1720,2016-11-10,0.0
1721,2016-11-10,0.0
1722,2016-11-10,0.0
1723,2016-11-10,0.0
1724,2016-11-10,0.0
1725,2016-11-10,0.01
1726,2016-11-09,0.0
1727,2016-11-09,0.08
1728,2016-11-09,0.17
1729,2016-11-09,0.0
1730,2016-11-09,0.0
1731,2016-11-09,0.11
1732,2016-11-09,0.04
1733,2016-11-08,0.07
1734,2016-11-08,0.14
1735,2016-11-08,0.02
1736,2016-11-08,0.15
1737,2016-11-08,0.21
1738,2016-11-08,0.53
1739,2016-11-07,0.0
1740,2016-11-07,0.0
1741,2016-11-07,0.13
1742,2016-11-07,
1743,2016-11-07,0.0
1744,2016-11-07,0.0
1745,2016-11-07,0.05
1746,2016-11-06,0.0
1747,2016-11-06,0.02
1748,2016-11-06,0.0
1749,2016-11-06,0.0
1750,2016-11-06,0.01
1751,2016-11-06,0.05
1752,2016-11-05,0.0
1753,2016-11-05,0.02
1754,2016-11-05,0.0
1755,2016-11-05,0.02
1756,2016-11-05,0.03
1757,2016-11-05,0.38
1758,2016-11-04,0.0
1759,2016-11-04,0.0
1760,2016-11-04,0.0
1761,2016-11-04,
1762,2016-11-04,0.0
1763,2016-11-04,0.0
1764,2016-11-04,0.06
1765,2016-11-03,0.0
1766,2016-11-03,0.0
1767,2016-11-03,0.0
1768,2016-11-03,0.0
1769,2016-11-03,0.0
1770,2016-11-03,0.02
1771,2016-11-02,0.0
1772,2016-11-02,0.0
1773,2016-11-02,0.0
1774,2016-11-02,0.0
1775,2016-11-02,0.0
1776,2016-11-02,0.04
1777,2016-11-01,0.0
1778,2016-11-01,0.01
1779,2016-11-01,0.0
1780,2016-11-01,0.01
1781,2016-11-01,0.1
1782,2016-11-01,0.09
1783,2016-10-31,0.03
1784,2016-10-31,0.03
1785,2016-10-31,0.0
1786,2016-10-31,
1787,2016-10-31,0.13
1788,2016-10-31,0.07
1789,2016-10-31,1.35
1790,2016-10-30,0.24
1791,2016-10-30,0.1
1792,2016-10-30,0.14
1793,2016-10-30,0.0
1794,2016-10-30,0.16
1795,2016-10-30,0.95
1796,2016-10-29,0.0
1797,2016-10-29,0.02
1798,2016-10-29,0.26
1799,2016-10-29,0.01
1800,2016-10-29,0.1
1801,2016-10-29,0.25
1802,2016-10-28,0.0
1803,2016-10-28,0.02
1804,2016-10-28,0.07
1805,2016-10-28,
1806,2016-10-28,0.06
1807,2016-10-28,0.05
1808,2016-10-28,0.37
1809,2016-10-27,0.0
1810,2016-10-27,0.11
1811,2016-10-27,0.2
1812,2016-10-27,
1813,2016-10-27,0.08
1814,2016-10-27,0.22
1815,2016-10-27,1.25
1816,2016-10-26,0.0
1817,2016-10-26,0.06
1818,2016-10-26,0.2
1819,2016-10-26,0.02
1820,2016-10-26,0.01
1821,2016-10-26,0.0
1822,2016-10-25,0.03
1823,2016-10-25,0.04
1824,2016-10-25,0.0
1825,2016-10-25,0.4
1826,2016-10-25,0.12
1827,2016-10-25,0.11
1828,2016-10-25,0.4
1829,2016-10-24,0.0
1830,2016-10-24,0.0
1831,2016-10-24,0.01
1832,2016-10-24,
1833,2016-10-24,0.0
1834,2016-10-24,0.08
1835,2016-10-24,0.7
1836,2016-10-23,0.01
1837,2016-10-23,0.01
1838,2016-10-23,
1839,2016-10-23,0.0
1840,2016-10-23,0.02
1841,2016-10-23,0.24
1842,2016-10-22,0.15
1843,2016-10-22,0.1
1844,2016-10-22,0.0
1845,2016-10-22,0.15
1846,2016-10-22,1.37
1847,2016-10-21,0.05
1848,2016-10-21,0.15
1849,2016-10-21,0.03
1850,2016-10-21,
1851,2016-10-21,
1852,2016-10-21,0.0
1853,2016-10-21,0.09
1854,2016-10-20,0.0
1855,2016-10-20,0.0
1856,2016-10-20,0.01
1857,2016-10-20,
1858,2016-10-20,0.0
1859,2016-10-20,1.0
1860,2016-10-19,0.0
1861,2016-10-19,0.06
1862,2016-10-19,0.0
1863,2016-10-19,
1864,2016-10-19,0.0
1865,2016-10-19,0.11
1866,2016-10-19,0.0
1867,2016-10-18,0.0
1868,2016-10-18,0.05
1869,2016-10-18,0.03
1870,2016-10-18,
1871,2016-10-18,0.02
1872,2016-10-18,0.02
1873,2016-10-18,0.48
1874,2016-10-17,0.01
1875,2016-10-17,0.03
1876,2016-10-17,
1877,2016-10-17,
1878,2016-10-17,0.12
1879,2016-10-17,0.01
1880,2016-10-17,0.38
1881,2016-10-16,0.0
1882,2016-10-16,0.0
1883,2016-10-16,0.0
1884,2016-10-16,0.0
1885,2016-10-16,0.0
1886,2016-10-15,0.0
1887,2016-10-15,0.0
1888,2016-10-15,0.02
1889,2016-10-15,0.0
1890,2016-10-15,0.04
1891,2016-10-15,0.33
1892,2016-10-14,0.0
1893,2016-10-14,0.0
1894,2016-10-14,0.0
1895,2016-10-14,0.0
1896,2016-10-14,0.0
1897,2016-10-14,0.0
1898,2016-10-13,0.0
1899,2016-10-13,0.0
1900,2016-10-13,0.02
1901,2016-10-13,
1902,2016-10-13,0.0
1903,2016-10-13,0.0
1904,2016-10-13,0.06
1905,2016-10-12,0.0
1906,2016-10-12,0.03
1907,2016-10-12,0.0
1908,2016-10-12,0.0
1909,2016-10-12,0.03
1910,2016-10-12,0.02
1911,2016-10-11,0.0
1912,2016-10-11,0.02
1913,2016-10-11,0.04
1914,2016-10-11,
1915,2016-10-11,0.0
1916,2016-10-11,0.28
1917,2016-10-11,0.35
1918,2016-10-10,0.0
1919,2016-10-10,0.0
1920,2016-10-10,
1921,2016-10-10,0.0
1922,2016-10-10,0.0
1923,2016-10-10,0.0
1924,2016-10-09,0.0
1925,2016-10-09,0.0
1926,2016-10-09,0.0
1927,2016-10-09,0.0
1928,2016-10-09,0.0
1929,2016-10-08,0.0
1930,2016-10-08,0.0
1931,2016-10-08,0.0
1932,2016-10-08,0.0
1933,2016-10-08,0.04
1934,2016-10-07,0.0
1935,2016-10-07,0.0
1936,2016-10-07,0.0
1937,2016-10-07,
1938,2016-10-07,0.0
1939,2016-10-07,0.0
1940,2016-10-07,0.01
1941,2016-10-06,0.0
1942,2016-10-06,0.05
1943,2016-10-06,0.0
1944,2016-10-06,0.07
1945,2016-10-06,0.0
1946,2016-10-06,0.0
1947,2016-10-06,0.04
1948,2016-10-05,0.0
1949,2016-10-05,0.0
1950,2016-10-05,0.0
1951,2016-10-05,
1952,2016-10-05,0.0
1953,2016-10-05,0.01
1954,2016-10-05,0.81
1955,2016-10-04,0.0
1956,2016-10-04,0.0
1957,2016-10-04,0.0
1958,2016-10-04,
1959,2016-10-04,0.0
1960,2016-10-04,0.03
1961,2016-10-04,3.46
1962,2016-10-03,0.0
1963,2016-10-03,0.04
1964,2016-10-03,0.03
1965,2016-10-03,
1966,2016-10-03,0.0
1967,2016-10-03,0.16
1968,2016-10-03,0.46
1969,2016-10-02,0.0
1970,2016-10-02,0.02
1971,2016-10-02,0.03
1972,2016-10-02,0.0
1973,2016-10-02,0.06
1974,2016-10-02,0.61
1975,2016-10-01,0.0
1976,2016-10-01,0.14
1977,2016-10-01,0.08
1978,2016-10-01,0.07
1979,2016-10-01,0.14
1980,2016-10-01,1.02
1981,2016-09-30,0.0
1982,2016-09-30,0.31
1983,2016-09-30,0.06
1984,2016-09-30,
1985,2016-09-30,0.15
1986,2016-09-30,0.25
1987,2016-09-30,0.38
1988,2016-09-29,0.0
1989,2016-09-29,0.49
1990,2016-09-29,0.2
1991,2016-09-29,0.04
1992,2016-09-29,0.18
1993,2016-09-29,0.59
1994,2016-09-29,1.49
1995,2016-09-28,0.0
1996,2016-09-28,0.08
1997,2016-09-28,0.0
1998,2016-09-28,0.0
1999,2016-09-28,0.0
2000,2016-09-28,0.0
2001,2016-09-28,0.05
2002,2016-09-27,0.02
2003,2016-09-27,0.12
2004,2016-09-27,0.0
2005,2016-09-27,0.05
2006,2016-09-27,0.17
2007,2016-09-27,1.0
2008,2016-09-26,0.06
2009,2016-09-26,0.06
2010,2016-09-26,0.02
2011,2016-09-26,
2012,2016-09-26,0.34
2013,2016-09-26,0.17
2014,2016-09-26,1.02
2015,2016-09-25,0.0
2016,2016-09-25,0.02
2017,2016-09-25,0.0
2018,2016-09-25,0.0
2019,2016-09-25,0.03
2020,2016-09-25,0.04
